record_id,employee_id,year,month,base_salary,bonus,overtime_pay,deduction,net_salary,payment_date
1,10001,2026,1,37819,0,0,953,36866,2026-01-25
2,10001,2026,2,37819,5000,0,551,42268,2026-02-25
3,10001,2026,3,37819,8000,0,1492,44327,2026-03-25
4,10001,2026,4,37819,0,1000,670,38149,2026-04-25
5,10001,2026,5,37819,3000,3000,992,42827,2026-05-25
6,10001,2026,6,37819,0,3000,1424,39395,2026-06-25
7,10001,2026,7,37819,0,1000,888,37931,2026-07-25
8,10001,2026,8,37819,0,3000,771,40048,2026-08-25
9,10002,2026,1,68024,3000,2000,933,72091,2026-01-25
10,10002,2026,2,68024,8000,3000,658,78366,2026-02-25
11,10002,2026,3,68024,0,2000,722,69302,2026-03-25
12,10002,2026,4,68024,0,0,1265,66759,2026-04-25
13,10002,2026,5,68024,0,0,551,67473,2026-05-25
14,10002,2026,6,68024,5000,3000,1014,75010,2026-06-25
15,10002,2026,7,68024,5000,1000,558,73466,2026-07-25
16,10002,2026,8,68024,5000,0,1371,71653,2026-08-25
17,10003,2026,1,56358,0,0,1109,55249,2026-01-25
18,10003,2026,2,56358,0,1000,913,56445,2026-02-25
19,10003,2026,3,56358,0,1000,1092,56266,2026-03-25
20,10003,2026,4,56358,5000,0,1134,60224,2026-04-25
21,10003,2026,5,56358,0,3000,1173,58185,2026-05-25
22,10003,2026,6,56358,5000,2000,1457,61901,2026-06-25
23,10003,2026,7,56358,0,1000,1185,56173,2026-07-25
24,10003,2026,8,56358,8000,2000,744,65614,2026-08-25
25,10004,2026,1,57870,0,3000,634,60236,2026-01-25
26,10004,2026,2,57870,8000,2000,968,66902,2026-02-25
27,10004,2026,3,57870,0,0,509,57361,2026-03-25
28,10004,2026,4,57870,3000,0,575,60295,2026-04-25
29,10004,2026,5,57870,5000,1000,1018,62852,2026-05-25
30,10004,2026,6,57870,0,1000,1455,57415,2026-06-25
31,10004,2026,7,57870,0,0,1400,56470,2026-07-25
32,10004,2026,8,57870,0,2000,791,59079,2026-08-25
33,10005,2026,1,56825,0,3000,1353,58472,2026-01-25
34,10005,2026,2,56825,5000,2000,1126,62699,2026-02-25
35,10005,2026,3,56825,8000,0,1183,63642,2026-03-25
36,10005,2026,4,56825,5000,2000,1454,62371,2026-04-25
37,10005,2026,5,56825,8000,0,1461,63364,2026-05-25
38,10005,2026,6,56825,0,2000,618,58207,2026-06-25
39,10005,2026,7,56825,0,1000,778,57047,2026-07-25
40,10005,2026,8,56825,0,1000,1234,56591,2026-08-25
41,10006,2026,1,44070,0,1000,1203,43867,2026-01-25
42,10006,2026,2,44070,8000,2000,1017,53053,2026-02-25
43,10006,2026,3,44070,3000,2000,1427,47643,2026-03-25
44,10006,2026,4,44070,0,0,1149,42921,2026-04-25
45,10006,2026,5,44070,3000,2000,545,48525,2026-05-25
46,10006,2026,6,44070,0,2000,1289,44781,2026-06-25
47,10006,2026,7,44070,0,2000,665,45405,2026-07-25
48,10006,2026,8,44070,8000,3000,1064,54006,2026-08-25
49,10007,2026,1,53559,8000,3000,1074,63485,2026-01-25
50,10007,2026,2,53559,0,0,577,52982,2026-02-25
51,10007,2026,3,53559,8000,1000,1058,61501,2026-03-25
52,10007,2026,4,53559,0,2000,1096,54463,2026-04-25
53,10007,2026,5,53559,5000,1000,940,58619,2026-05-25
54,10007,2026,6,53559,0,0,815,52744,2026-06-25
55,10007,2026,7,53559,0,0,1420,52139,2026-07-25
56,10007,2026,8,53559,0,1000,1198,53361,2026-08-25
57,10008,2026,1,78390,0,0,862,77528,2026-01-25
58,10008,2026,2,78390,5000,3000,1497,84893,2026-02-25
59,10008,2026,3,78390,5000,1000,1447,82943,2026-03-25
60,10008,2026,4,78390,0,1000,1499,77891,2026-04-25
61,10008,2026,5,78390,0,3000,525,80865,2026-05-25
62,10008,2026,6,78390,0,2000,1301,79089,2026-06-25
63,10008,2026,7,78390,3000,1000,773,81617,2026-07-25
64,10008,2026,8,78390,0,0,891,77499,2026-08-25
65,10009,2026,1,70856,0,3000,727,73129,2026-01-25
66,10009,2026,2,70856,0,3000,858,72998,2026-02-25
67,10009,2026,3,70856,0,1000,728,71128,2026-03-25
68,10009,2026,4,70856,0,1000,908,70948,2026-04-25
69,10009,2026,5,70856,0,2000,1385,71471,2026-05-25
70,10009,2026,6,70856,0,2000,859,71997,2026-06-25
71,10009,2026,7,70856,8000,3000,1195,80661,2026-07-25
72,10009,2026,8,70856,5000,2000,1461,76395,2026-08-25
73,10010,2026,1,54719,0,0,1398,53321,2026-01-25
74,10010,2026,2,54719,0,1000,1094,54625,2026-02-25
75,10010,2026,3,54719,0,0,611,54108,2026-03-25
76,10010,2026,4,54719,5000,3000,853,61866,2026-04-25
77,10010,2026,5,54719,8000,2000,946,63773,2026-05-25
78,10010,2026,6,54719,5000,0,894,58825,2026-06-25
79,10010,2026,7,54719,5000,1000,760,59959,2026-07-25
80,10010,2026,8,54719,0,3000,501,57218,2026-08-25
81,10011,2026,1,43212,5000,1000,872,48340,2026-01-25
82,10011,2026,2,43212,3000,0,1471,44741,2026-02-25
83,10011,2026,3,43212,8000,2000,1138,52074,2026-03-25
84,10011,2026,4,43212,0,0,1237,41975,2026-04-25
85,10011,2026,5,43212,0,2000,1182,44030,2026-05-25
86,10011,2026,6,43212,3000,2000,912,47300,2026-06-25
87,10011,2026,7,43212,8000,2000,1067,52145,2026-07-25
88,10011,2026,8,43212,0,1000,930,43282,2026-08-25
89,10012,2026,1,54848,8000,3000,1193,64655,2026-01-25
90,10012,2026,2,54848,8000,1000,1130,62718,2026-02-25
91,10012,2026,3,54848,5000,2000,915,60933,2026-03-25
92,10012,2026,4,54848,5000,0,811,59037,2026-04-25
93,10012,2026,5,54848,0,1000,940,54908,2026-05-25
94,10012,2026,6,54848,5000,2000,976,60872,2026-06-25
95,10012,2026,7,54848,3000,3000,1191,59657,2026-07-25
96,10012,2026,8,54848,0,3000,1312,56536,2026-08-25
97,10013,2026,1,42094,8000,1000,1174,49920,2026-01-25
98,10013,2026,2,42094,0,2000,1027,43067,2026-02-25
99,10013,2026,3,42094,8000,2000,595,51499,2026-03-25
100,10013,2026,4,42094,0,2000,730,43364,2026-04-25
101,10013,2026,5,42094,0,1000,525,42569,2026-05-25
102,10013,2026,6,42094,0,1000,986,42108,2026-06-25
103,10013,2026,7,42094,5000,0,966,46128,2026-07-25
104,10013,2026,8,42094,3000,1000,1235,44859,2026-08-25
105,10014,2026,1,71029,8000,3000,1006,81023,2026-01-25
106,10014,2026,2,71029,3000,1000,651,74378,2026-02-25
107,10014,2026,3,71029,8000,0,1414,77615,2026-03-25
108,10014,2026,4,71029,0,3000,724,73305,2026-04-25
109,10014,2026,5,71029,0,3000,551,73478,2026-05-25
110,10014,2026,6,71029,5000,1000,1439,75590,2026-06-25
111,10014,2026,7,71029,0,3000,636,73393,2026-07-25
112,10014,2026,8,71029,3000,2000,1472,74557,2026-08-25
113,10015,2026,1,65449,3000,3000,1350,70099,2026-01-25
114,10015,2026,2,65449,5000,3000,1418,72031,2026-02-25
115,10015,2026,3,65449,0,3000,960,67489,2026-03-25
116,10015,2026,4,65449,0,1000,1360,65089,2026-04-25
117,10015,2026,5,65449,8000,2000,1284,74165,2026-05-25
118,10015,2026,6,65449,5000,3000,1141,72308,2026-06-25
119,10015,2026,7,65449,0,2000,950,66499,2026-07-25
120,10015,2026,8,65449,0,2000,740,66709,2026-08-25
121,10016,2026,1,51270,0,2000,827,52443,2026-01-25
122,10016,2026,2,51270,5000,0,641,55629,2026-02-25
123,10016,2026,3,51270,0,1000,892,51378,2026-03-25
124,10016,2026,4,51270,8000,1000,1223,59047,2026-04-25
125,10016,2026,5,51270,0,0,924,50346,2026-05-25
126,10016,2026,6,51270,3000,2000,1055,55215,2026-06-25
127,10016,2026,7,51270,3000,3000,563,56707,2026-07-25
128,10016,2026,8,51270,0,3000,898,53372,2026-08-25
129,10017,2026,1,44423,5000,0,1377,48046,2026-01-25
130,10017,2026,2,44423,5000,3000,988,51435,2026-02-25
131,10017,2026,3,44423,0,2000,805,45618,2026-03-25
132,10017,2026,4,44423,3000,3000,1051,49372,2026-04-25
133,10017,2026,5,44423,8000,1000,999,52424,2026-05-25
134,10017,2026,6,44423,0,2000,946,45477,2026-06-25
135,10017,2026,7,44423,3000,0,898,46525,2026-07-25
136,10017,2026,8,44423,0,3000,1241,46182,2026-08-25
137,10018,2026,1,58571,0,3000,1441,60130,2026-01-25
138,10018,2026,2,58571,0,0,1428,57143,2026-02-25
139,10018,2026,3,58571,3000,0,585,60986,2026-03-25
140,10018,2026,4,58571,8000,3000,638,68933,2026-04-25
141,10018,2026,5,58571,3000,1000,551,62020,2026-05-25
142,10018,2026,6,58571,0,3000,835,60736,2026-06-25
143,10018,2026,7,58571,0,3000,834,60737,2026-07-25
144,10018,2026,8,58571,0,3000,784,60787,2026-08-25
145,10019,2026,1,39582,3000,2000,1354,43228,2026-01-25
146,10019,2026,2,39582,0,3000,519,42063,2026-02-25
147,10019,2026,3,39582,8000,0,1474,46108,2026-03-25
148,10019,2026,4,39582,0,1000,1165,39417,2026-04-25
149,10019,2026,5,39582,0,0,1272,38310,2026-05-25
150,10019,2026,6,39582,0,1000,704,39878,2026-06-25
151,10019,2026,7,39582,0,1000,744,39838,2026-07-25
152,10019,2026,8,39582,0,3000,1185,41397,2026-08-25
153,10020,2026,1,71850,0,1000,976,71874,2026-01-25
154,10020,2026,2,71850,8000,2000,1285,80565,2026-02-25
155,10020,2026,3,71850,0,1000,1120,71730,2026-03-25
156,10020,2026,4,71850,5000,0,1296,75554,2026-04-25
157,10020,2026,5,71850,0,2000,610,73240,2026-05-25
158,10020,2026,6,71850,5000,0,1451,75399,2026-06-25
159,10020,2026,7,71850,0,3000,906,73944,2026-07-25
160,10020,2026,8,71850,8000,1000,577,80273,2026-08-25
